,SIRE,AVERAGE_SPEED_furlongs_a_second
8,Rule by Night,0.07403618350204609
149,Grey Swallow,0.07739938080495357
5,Archarcharch,0.0788281832253626
93,Courageous Cat,0.07907332044024955
104,The Lumber Guy,0.07963282695106294
52,Karakontie,0.07966857871255577
143,Micromanage,0.07991737584193662
146,Medaglia d'Oro,0.08020716364553017
99,Midas Touch (GB),0.08021500780689775
105,Bellamy Road,0.08052534045126583
