,SIRE,AVERAGE_SPEED_furlongs_a_second
144,Daddy Long Legs,0.08889750925342256
126,Zoffany (IRE),0.08836476976960896
127,Colonel John,0.08783837738561047
145,Sidney's Candy,0.08763543658381134
125,Warrior's Reward,0.08736954138933456
130,Society Rock (IRE),0.0871121529372634
158,Karakontie (JPN),0.08691392361056241
110,Get Stormy,0.08661144530880917
150,Giant's Causeway,0.08624745177983377
159,Take Charge Indy,0.08598990009537062
